{
    "bitcoin": {
        "btc": 1.0,
        "eth": 31.028237,
        "xrp": 86913,
        "bch": 212.876,
        "eos": 152994,
        "ltc": 1141
    },
    "bitcoin-cash": {
        "btc": 0.00469979,
        "eth": 0.14581292,
        "xrp": 408.434,
        "bch": 1.0,
        "eos": 718.972,
        "ltc": 5.360379
    },
    "cardano": {
        "btc": 8.13e-06,
        "eth": 0.00025226,
        "xrp": 0.7065939,
        "bch": 0.00173066,
        "eos": 1.243827,
        "ltc": 0.00927349
    },
    "eos": {
        "btc": 6.54e-06,
        "eth": 0.00020279,
        "xrp": 0.56775911,
        "bch": 0.00139071,
        "eos": 1.0,
        "ltc": 0.00745527
    },
    "ethereum": {
        "btc": 0.03223161,
        "eth": 1.0,
        "xrp": 2799,
        "bch": 6.857292,
        "eos": 4928,
        "ltc": 36.760331
    },
    "litecoin": {
        "btc": 0.00087676,
        "eth": 0.02719942,
        "xrp": 76.152,
        "bch": 0.18653192,
        "eos": 134.055,
        "ltc": 1.0
    },
    "ripple": {
        "btc": 1.151e-05,
        "eth": 0.00035697,
        "xrp": 1.0,
        "bch": 0.00244808,
        "eos": 1.759361,
        "ltc": 0.01312361
    }
}