{
    "bitcoin": {
        "btc": 1.0,
        "eth": 27.008855,
        "xrp": 64806,
        "bch": 186.315,
        "eos": 117188,
        "ltc": 993.051
    },
    "bitcoin-cash": {
        "btc": 0.0053676,
        "eth": 0.14495162,
        "xrp": 347.8,
        "bch": 1.0,
        "eos": 628.925,
        "ltc": 5.329523
    },
    "cardano": {
        "btc": 1.063e-05,
        "eth": 0.00028706,
        "xrp": 0.68877722,
        "bch": 0.00198022,
        "eos": 1.245513,
        "ltc": 0.01055451
    },
    "eos": {
        "btc": 8.53e-06,
        "eth": 0.00023045,
        "xrp": 0.55295252,
        "bch": 0.00158973,
        "eos": 1.0,
        "ltc": 0.00847319
    },
    "ethereum": {
        "btc": 0.03702942,
        "eth": 1.0,
        "xrp": 2399,
        "bch": 6.898126,
        "eos": 4339,
        "ltc": 36.766702
    },
    "litecoin": {
        "btc": 0.0010071,
        "eth": 0.02719668,
        "xrp": 65.256,
        "bch": 0.18761073,
        "eos": 118.003,
        "ltc": 1.0
    },
    "ripple": {
        "btc": 1.543e-05,
        "eth": 0.00041677,
        "xrp": 1.0,
        "bch": 0.00287501,
        "eos": 1.808311,
        "ltc": 0.01532367
    }
}